metric,period,value,unit,notes
peak_hour_transactions,weekday_17_00_to_19_00,84,transactions_per_hour,Instructional fictional case data
average_queue_time,weekday_17_00_to_19_00,7.5,minutes,Instructional fictional case data
cashier_hourly_wage,current,18,USD_per_hour,Instructional fictional case data
additional_kiosks,pilot,2,kiosks,Two additional kiosks while staffed lanes remain open
kiosk_monthly_lease,per_kiosk,1150,USD_per_month,Instructional fictional case data
monthly_support_cost,pilot,250,USD_per_month,Instructional fictional case data
baseline_inventory_shrinkage,current,1.2,percent_of_sales,Instructional fictional case data
customers_age_65_plus,weekday_peak,20,percent_of_customers,Instructional fictional case data
pilot_duration,proposed,90,days,Instructional fictional case data
queue_time_target,pilot,5,minutes_or_less,Success threshold
shrinkage_ceiling,pilot,1.4,percent_of_sales,Stop rule threshold
kiosk_uptime_target,pilot,98,percent,Success threshold
